{"cameraMode":{"drawMode":0,"name":"Shaded","section":"Shading Mode"},"sceneLighting":false,"audioPlay":false,"sceneViewState":{"showFog":true,"showMaterialUpdate":false,"showSkybox":false,"showFlares":true,"showImageEffects":true,"showParticleSystems":true},"in2DMode":false,"pivot":{"x":124.91039276123047,"y":1.4776860475540162,"z":737.471435546875},"rotation":{"x":-0.1359521746635437,"y":-0.042485013604164126,"z":0.005822306964546442,"w":-0.9897968769073486},"size":3.8713409900665285,"orthographic":false}