{"cameraMode":{"drawMode":0,"name":"Shaded","section":"Shading Mode"},"sceneLighting":false,"audioPlay":false,"sceneViewState":{"showFog":true,"showMaterialUpdate":false,"showSkybox":false,"showFlares":true,"showImageEffects":true,"showParticleSystems":true},"in2DMode":false,"pivot":{"x":83.17227172851563,"y":35.71915054321289,"z":-72.14949035644531},"rotation":{"x":0.4433385729789734,"y":-0.06176328286528587,"z":0.030639003962278367,"w":0.8936989307403565},"size":22.434337615966798,"orthographic":false}