{"cameraMode":{"drawMode":0,"name":"Shaded","section":"Shading Mode"},"sceneLighting":false,"audioPlay":false,"sceneViewState":{"showFog":true,"showMaterialUpdate":false,"showSkybox":false,"showFlares":true,"showImageEffects":true,"showParticleSystems":true},"in2DMode":false,"pivot":{"x":83.14781951904297,"y":38.311492919921878,"z":-62.029537200927737},"rotation":{"x":0.16716276109218598,"y":0.02365984208881855,"z":-0.004012678284198046,"w":0.9856376051902771},"size":3.535550832748413,"orthographic":false}