{"cameraMode":{"drawMode":0,"name":"Shaded","section":"Shading Mode"},"sceneLighting":false,"audioPlay":false,"sceneViewState":{"showFog":true,"showMaterialUpdate":false,"showSkybox":false,"showFlares":true,"showImageEffects":true,"showParticleSystems":true},"in2DMode":false,"pivot":{"x":1.0607777833938599,"y":1.7755935192108155,"z":6.007496356964111},"rotation":{"x":0.11115938425064087,"y":0.09554700553417206,"z":-0.010728558525443077,"w":0.9891504645347595},"size":3.912956953048706,"orthographic":false}