{"cameraMode":{"drawMode":0,"name":"Shaded","section":"Shading Mode"},"sceneLighting":false,"audioPlay":false,"sceneViewState":{"showFog":true,"showMaterialUpdate":false,"showSkybox":false,"showFlares":true,"showImageEffects":true,"showParticleSystems":true},"in2DMode":false,"pivot":{"x":14.300000190734864,"y":11.600000381469727,"z":107.30000305175781},"rotation":{"x":0.12289968878030777,"y":-0.6544238328933716,"z":0.10897023230791092,"w":0.738074004650116},"size":54.63831329345703,"orthographic":true}