{"cameraMode":{"drawMode":0,"name":"Shaded","section":"Shading Mode"},"sceneLighting":false,"audioPlay":false,"sceneViewState":{"showFog":true,"showMaterialUpdate":false,"showSkybox":false,"showFlares":true,"showImageEffects":true,"showParticleSystems":true},"in2DMode":false,"pivot":{"x":-0.6200000047683716,"y":-1.4700000286102296,"z":0.9100000858306885},"rotation":{"x":-0.007188218645751476,"y":-0.8006659150123596,"z":-0.009608523920178414,"w":0.5989933609962463},"size":3.1663293838500978,"orthographic":true}