{"cameraMode":{"drawMode":0,"name":"Shaded","section":"Shading Mode"},"sceneLighting":false,"audioPlay":false,"sceneViewState":{"showFog":true,"showMaterialUpdate":false,"showSkybox":false,"showFlares":true,"showImageEffects":true,"showParticleSystems":true},"in2DMode":false,"pivot":{"x":18.304874420166017,"y":39.253719329833987,"z":31.165157318115236},"rotation":{"x":0.10617716610431671,"y":-0.7211869359016419,"z":0.1134268194437027,"w":0.6750926971435547},"size":91.83879089355469,"orthographic":true}