{"cameraMode":{"drawMode":0,"name":"Shaded","section":"Shading Mode"},"sceneLighting":false,"audioPlay":false,"sceneViewState":{"showFog":true,"showMaterialUpdate":false,"showSkybox":false,"showFlares":true,"showImageEffects":true,"showParticleSystems":true},"in2DMode":false,"pivot":{"x":83.17227172851563,"y":35.71915054321289,"z":-72.14949035644531},"rotation":{"x":0.16716276109218598,"y":0.02365984208881855,"z":-0.004012678284198046,"w":0.9856376051902771},"size":3.535547971725464,"orthographic":false}