{"cameraMode":{"drawMode":0,"name":"Shaded","section":"Shading Mode"},"sceneLighting":true,"audioPlay":false,"sceneViewState":{"showFog":true,"showMaterialUpdate":false,"showSkybox":true,"showFlares":true,"showImageEffects":true,"showParticleSystems":true},"in2DMode":false,"pivot":{"x":-86.81161499023438,"y":-76.35377502441406,"z":228.38253784179688},"rotation":{"x":0.2158132940530777,"y":-0.4051712453365326,"z":0.09896595776081085,"w":0.8829349279403687},"size":402.67974853515627,"orthographic":false}