{"cameraMode":{"drawMode":0,"name":"Shaded","section":"Shading Mode"},"sceneLighting":false,"audioPlay":false,"sceneViewState":{"showFog":true,"showMaterialUpdate":false,"showSkybox":false,"showFlares":true,"showImageEffects":true,"showParticleSystems":true},"in2DMode":false,"pivot":{"x":-14.850187301635743,"y":6.0,"z":7.293632507324219},"rotation":{"x":-0.0001890991989057511,"y":-0.9989790320396423,"z":0.04498447850346565,"w":-0.004199919290840626},"size":11.680603981018067,"orthographic":true}